test_id,PM2.5,PM10,O3
dongsi_aq#0,74,102,54
dongsi_aq#1,80,98,53
dongsi_aq#2,81,105,53
dongsi_aq#3,78,102,55
dongsi_aq#4,74,101,53
dongsi_aq#5,80,101,55
dongsi_aq#6,75,101,56
dongsi_aq#7,76,99,55
dongsi_aq#8,80,99,55
dongsi_aq#9,79,99,55
dongsi_aq#10,82,105,55
dongsi_aq#11,78,103,52
dongsi_aq#12,78,98,55
dongsi_aq#13,82,97,55
dongsi_aq#14,81,100,55
dongsi_aq#15,81,105,53
dongsi_aq#16,78,104,54
dongsi_aq#17,77,98,56
dongsi_aq#18,78,97,55
dongsi_aq#19,79,106,53
dongsi_aq#20,79,100,53
dongsi_aq#21,78,105,54
dongsi_aq#22,77,98,54
dongsi_aq#23,77,104,52
dongsi_aq#24,74,98,55
dongsi_aq#25,77,101,53
dongsi_aq#26,77,107,55
dongsi_aq#27,79,104,54
dongsi_aq#28,80,106,55
dongsi_aq#29,75,97,51
dongsi_aq#30,80,107,53
dongsi_aq#31,74,106,56
dongsi_aq#32,80,100,55
dongsi_aq#33,80,97,52
dongsi_aq#34,76,106,54
dongsi_aq#35,77,103,54
dongsi_aq#36,75,104,56
dongsi_aq#37,76,100,51
dongsi_aq#38,78,103,53
dongsi_aq#39,81,103,56
dongsi_aq#40,81,99,55
dongsi_aq#41,75,102,56
dongsi_aq#42,77,102,54
dongsi_aq#43,76,106,56
dongsi_aq#44,81,98,53
dongsi_aq#45,81,102,53
dongsi_aq#46,79,105,54
dongsi_aq#47,76,99,55
tiantan_aq#0,81,135,65
tiantan_aq#1,82,128,59
tiantan_aq#2,81,136,62
tiantan_aq#3,80,128,60
tiantan_aq#4,85,128,65
tiantan_aq#5,81,139,62
tiantan_aq#6,86,136,65
tiantan_aq#7,83,130,62
tiantan_aq#8,86,128,63
tiantan_aq#9,83,131,60
tiantan_aq#10,82,130,64
tiantan_aq#11,85,139,65
tiantan_aq#12,86,134,64
tiantan_aq#13,82,131,62
tiantan_aq#14,80,136,64
tiantan_aq#15,87,133,65
tiantan_aq#16,87,127,66
tiantan_aq#17,79,139,63
tiantan_aq#18,80,129,65
tiantan_aq#19,80,137,62
tiantan_aq#20,80,127,64
tiantan_aq#21,79,139,63
tiantan_aq#22,81,131,62
tiantan_aq#23,83,139,64
tiantan_aq#24,83,131,65
tiantan_aq#25,80,126,61
tiantan_aq#26,86,128,61
tiantan_aq#27,84,131,63
tiantan_aq#28,79,137,60
tiantan_aq#29,87,134,64
tiantan_aq#30,84,138,65
tiantan_aq#31,84,132,62
tiantan_aq#32,84,138,63
tiantan_aq#33,80,129,62
tiantan_aq#34,85,136,59
tiantan_aq#35,80,131,63
tiantan_aq#36,81,135,65
tiantan_aq#37,84,131,65
tiantan_aq#38,83,128,65
tiantan_aq#39,80,135,63
tiantan_aq#40,79,132,60
tiantan_aq#41,83,131,66
tiantan_aq#42,79,132,60
tiantan_aq#43,81,128,62
tiantan_aq#44,80,137,62
tiantan_aq#45,85,131,60
tiantan_aq#46,80,138,61
tiantan_aq#47,83,128,64
guanyuan_aq#0,82,122,61
guanyuan_aq#1,85,128,59
guanyuan_aq#2,79,126,62
guanyuan_aq#3,84,127,62
guanyuan_aq#4,85,133,61
guanyuan_aq#5,81,133,62
guanyuan_aq#6,85,128,59
guanyuan_aq#7,80,123,59
guanyuan_aq#8,79,129,58
guanyuan_aq#9,85,128,60
guanyuan_aq#10,86,129,61
guanyuan_aq#11,82,126,59
guanyuan_aq#12,87,122,57
guanyuan_aq#13,83,126,57
guanyuan_aq#14,83,125,62
guanyuan_aq#15,83,131,59
guanyuan_aq#16,83,132,62
guanyuan_aq#17,83,128,62
guanyuan_aq#18,80,126,57
guanyuan_aq#19,81,123,57
guanyuan_aq#20,87,127,59
guanyuan_aq#21,83,126,57
guanyuan_aq#22,81,134,58
guanyuan_aq#23,79,123,59
guanyuan_aq#24,83,123,60
guanyuan_aq#25,82,128,57
guanyuan_aq#26,87,133,57
guanyuan_aq#27,81,123,59
guanyuan_aq#28,82,127,59
guanyuan_aq#29,81,124,57
guanyuan_aq#30,87,127,60
guanyuan_aq#31,83,130,59
guanyuan_aq#32,81,131,58
guanyuan_aq#33,85,128,60
guanyuan_aq#34,82,133,60
guanyuan_aq#35,86,132,57
guanyuan_aq#36,86,127,60
guanyuan_aq#37,84,129,62
guanyuan_aq#38,85,131,57
guanyuan_aq#39,79,132,57
guanyuan_aq#40,85,123,58
guanyuan_aq#41,87,123,58
guanyuan_aq#42,81,129,59
guanyuan_aq#43,80,125,59
guanyuan_aq#44,81,122,59
guanyuan_aq#45,86,128,60
guanyuan_aq#46,85,132,62
guanyuan_aq#47,81,134,61
wanshouxigong_aq#0,73,94,67
wanshouxigong_aq#1,71,95,63
wanshouxigong_aq#2,72,98,67
wanshouxigong_aq#3,76,93,64
wanshouxigong_aq#4,71,93,65
wanshouxigong_aq#5,71,95,64
wanshouxigong_aq#6,75,99,66
wanshouxigong_aq#7,74,96,67
wanshouxigong_aq#8,76,94,63
wanshouxigong_aq#9,76,101,69
wanshouxigong_aq#10,70,95,65
wanshouxigong_aq#11,72,96,65
wanshouxigong_aq#12,74,98,67
wanshouxigong_aq#13,74,98,65
wanshouxigong_aq#14,74,93,66
wanshouxigong_aq#15,72,96,67
wanshouxigong_aq#16,72,96,66
wanshouxigong_aq#17,74,103,63
wanshouxigong_aq#18,72,94,67
wanshouxigong_aq#19,74,102,67
wanshouxigong_aq#20,71,97,65
wanshouxigong_aq#21,72,96,67
wanshouxigong_aq#22,75,102,64
wanshouxigong_aq#23,73,93,64
wanshouxigong_aq#24,70,102,66
wanshouxigong_aq#25,75,99,67
wanshouxigong_aq#26,73,98,67
wanshouxigong_aq#27,71,103,68
wanshouxigong_aq#28,76,94,64
wanshouxigong_aq#29,77,100,68
wanshouxigong_aq#30,76,99,68
wanshouxigong_aq#31,75,99,67
wanshouxigong_aq#32,77,94,68
wanshouxigong_aq#33,76,96,67
wanshouxigong_aq#34,74,97,63
wanshouxigong_aq#35,74,100,64
wanshouxigong_aq#36,71,95,68
wanshouxigong_aq#37,75,93,68
wanshouxigong_aq#38,74,97,69
wanshouxigong_aq#39,77,102,64
wanshouxigong_aq#40,75,94,69
wanshouxigong_aq#41,77,97,63
wanshouxigong_aq#42,71,96,67
wanshouxigong_aq#43,74,100,68
wanshouxigong_aq#44,71,94,63
wanshouxigong_aq#45,76,102,64
wanshouxigong_aq#46,71,102,67
wanshouxigong_aq#47,70,98,66
aotizhongxin_aq#0,94,133,64
aotizhongxin_aq#1,95,134,64
aotizhongxin_aq#2,92,141,63
aotizhongxin_aq#3,89,132,68
aotizhongxin_aq#4,92,136,67
aotizhongxin_aq#5,92,134,66
aotizhongxin_aq#6,89,143,67
aotizhongxin_aq#7,87,144,66
aotizhongxin_aq#8,95,145,68
aotizhongxin_aq#9,93,143,68
aotizhongxin_aq#10,92,144,63
aotizhongxin_aq#11,93,132,65
aotizhongxin_aq#12,94,143,67
aotizhongxin_aq#13,91,143,67
aotizhongxin_aq#14,89,134,65
aotizhongxin_aq#15,95,135,64
aotizhongxin_aq#16,89,132,65
aotizhongxin_aq#17,90,137,67
aotizhongxin_aq#18,92,140,63
aotizhongxin_aq#19,90,138,62
aotizhongxin_aq#20,96,143,63
aotizhongxin_aq#21,93,135,68
aotizhongxin_aq#22,90,137,66
aotizhongxin_aq#23,88,133,66
aotizhongxin_aq#24,92,144,66
aotizhongxin_aq#25,92,140,62
aotizhongxin_aq#26,96,144,65
aotizhongxin_aq#27,92,133,67
aotizhongxin_aq#28,94,135,64
aotizhongxin_aq#29,90,138,63
aotizhongxin_aq#30,92,137,68
aotizhongxin_aq#31,90,139,68
aotizhongxin_aq#32,94,137,65
aotizhongxin_aq#33,91,138,67
aotizhongxin_aq#34,96,131,62
aotizhongxin_aq#35,94,142,63
aotizhongxin_aq#36,93,133,65
aotizhongxin_aq#37,96,141,63
aotizhongxin_aq#38,94,142,63
aotizhongxin_aq#39,88,133,64
aotizhongxin_aq#40,91,143,65
aotizhongxin_aq#41,95,133,63
aotizhongxin_aq#42,88,132,68
aotizhongxin_aq#43,88,142,67
aotizhongxin_aq#44,89,135,67
aotizhongxin_aq#45,92,135,66
aotizhongxin_aq#46,95,141,67
aotizhongxin_aq#47,94,131,62
nongzhanguan_aq#0,77,120,60
nongzhanguan_aq#1,83,115,55
nongzhanguan_aq#2,81,126,56
nongzhanguan_aq#3,79,123,56
nongzhanguan_aq#4,79,123,55
nongzhanguan_aq#5,84,126,54
nongzhanguan_aq#6,79,117,55
nongzhanguan_aq#7,80,119,57
nongzhanguan_aq#8,82,121,58
nongzhanguan_aq#9,80,118,57
nongzhanguan_aq#10,83,115,60
nongzhanguan_aq#11,84,120,59
nongzhanguan_aq#12,83,119,56
nongzhanguan_aq#13,78,117,55
nongzhanguan_aq#14,81,117,55
nongzhanguan_aq#15,78,114,57
nongzhanguan_aq#16,77,115,54
nongzhanguan_aq#17,76,120,56
nongzhanguan_aq#18,79,119,55
nongzhanguan_aq#19,78,116,56
nongzhanguan_aq#20,77,119,56
nongzhanguan_aq#21,81,120,58
nongzhanguan_aq#22,77,115,57
nongzhanguan_aq#23,78,120,55
nongzhanguan_aq#24,79,118,57
nongzhanguan_aq#25,84,118,55
nongzhanguan_aq#26,84,115,57
nongzhanguan_aq#27,82,118,56
nongzhanguan_aq#28,80,123,55
nongzhanguan_aq#29,80,119,54
nongzhanguan_aq#30,76,121,57
nongzhanguan_aq#31,78,115,55
nongzhanguan_aq#32,78,116,59
nongzhanguan_aq#33,84,117,55
nongzhanguan_aq#34,82,119,58
nongzhanguan_aq#35,80,125,56
nongzhanguan_aq#36,80,126,55
nongzhanguan_aq#37,84,125,55
nongzhanguan_aq#38,82,118,57
nongzhanguan_aq#39,83,124,55
nongzhanguan_aq#40,79,116,55
nongzhanguan_aq#41,81,119,57
nongzhanguan_aq#42,78,122,57
nongzhanguan_aq#43,84,118,55
nongzhanguan_aq#44,78,116,57
nongzhanguan_aq#45,84,124,59
nongzhanguan_aq#46,78,126,59
nongzhanguan_aq#47,84,125,57
wanliu_aq#0,66,123,60
wanliu_aq#1,68,117,59
wanliu_aq#2,67,122,55
wanliu_aq#3,67,121,55
wanliu_aq#4,68,119,57
wanliu_aq#5,67,116,59
wanliu_aq#6,63,121,60
wanliu_aq#7,62,121,59
wanliu_aq#8,64,121,55
wanliu_aq#9,68,113,57
wanliu_aq#10,66,118,60
wanliu_aq#11,63,115,55
wanliu_aq#12,68,115,57
wanliu_aq#13,62,117,56
wanliu_aq#14,65,115,57
wanliu_aq#15,63,118,59
wanliu_aq#16,62,115,57
wanliu_aq#17,65,122,60
wanliu_aq#18,65,119,56
wanliu_aq#19,67,113,55
wanliu_aq#20,65,116,57
wanliu_aq#21,63,120,55
wanliu_aq#22,62,116,56
wanliu_aq#23,68,115,56
wanliu_aq#24,68,115,57
wanliu_aq#25,63,114,57
wanliu_aq#26,68,121,59
wanliu_aq#27,62,119,58
wanliu_aq#28,67,117,58
wanliu_aq#29,68,121,59
wanliu_aq#30,63,117,55
wanliu_aq#31,65,123,60
wanliu_aq#32,67,114,55
wanliu_aq#33,63,121,57
wanliu_aq#34,64,114,56
wanliu_aq#35,65,112,56
wanliu_aq#36,65,117,55
wanliu_aq#37,66,113,55
wanliu_aq#38,68,122,58
wanliu_aq#39,63,122,58
wanliu_aq#40,63,116,58
wanliu_aq#41,62,113,55
wanliu_aq#42,68,116,56
wanliu_aq#43,62,120,56
wanliu_aq#44,63,114,59
wanliu_aq#45,66,122,57
wanliu_aq#46,62,122,58
wanliu_aq#47,65,119,60
beibuxinqu_aq#0,89,99,69
beibuxinqu_aq#1,81,97,69
beibuxinqu_aq#2,87,103,68
beibuxinqu_aq#3,82,98,70
beibuxinqu_aq#4,83,101,68
beibuxinqu_aq#5,89,98,70
beibuxinqu_aq#6,84,98,73
beibuxinqu_aq#7,88,98,70
beibuxinqu_aq#8,82,97,71
beibuxinqu_aq#9,87,98,68
beibuxinqu_aq#10,86,104,68
beibuxinqu_aq#11,87,99,69
beibuxinqu_aq#12,89,102,72
beibuxinqu_aq#13,89,96,70
beibuxinqu_aq#14,86,103,68
beibuxinqu_aq#15,85,95,69
beibuxinqu_aq#16,85,103,68
beibuxinqu_aq#17,83,96,69
beibuxinqu_aq#18,84,95,69
beibuxinqu_aq#19,83,103,69
beibuxinqu_aq#20,83,95,72
beibuxinqu_aq#21,83,98,66
beibuxinqu_aq#22,88,95,72
beibuxinqu_aq#23,82,95,70
beibuxinqu_aq#24,88,95,72
beibuxinqu_aq#25,86,96,73
beibuxinqu_aq#26,87,99,71
beibuxinqu_aq#27,87,103,67
beibuxinqu_aq#28,83,100,67
beibuxinqu_aq#29,88,99,70
beibuxinqu_aq#30,89,102,72
beibuxinqu_aq#31,85,103,71
beibuxinqu_aq#32,84,99,72
beibuxinqu_aq#33,84,103,71
beibuxinqu_aq#34,82,98,73
beibuxinqu_aq#35,84,102,68
beibuxinqu_aq#36,84,96,72
beibuxinqu_aq#37,81,103,70
beibuxinqu_aq#38,83,100,69
beibuxinqu_aq#39,84,102,66
beibuxinqu_aq#40,86,97,71
beibuxinqu_aq#41,87,96,67
beibuxinqu_aq#42,83,94,68
beibuxinqu_aq#43,83,102,72
beibuxinqu_aq#44,86,96,66
beibuxinqu_aq#45,82,100,71
beibuxinqu_aq#46,82,98,66
beibuxinqu_aq#47,83,103,70
zhiwuyuan_aq#0,78,113,55
zhiwuyuan_aq#1,83,114,54
zhiwuyuan_aq#2,78,112,53
zhiwuyuan_aq#3,80,113,54
zhiwuyuan_aq#4,82,113,52
zhiwuyuan_aq#5,81,107,52
zhiwuyuan_aq#6,82,109,55
zhiwuyuan_aq#7,82,115,55
zhiwuyuan_aq#8,79,114,52
zhiwuyuan_aq#9,77,114,52
zhiwuyuan_aq#10,83,112,54
zhiwuyuan_aq#11,77,110,54
zhiwuyuan_aq#12,81,112,53
zhiwuyuan_aq#13,79,108,55
zhiwuyuan_aq#14,76,115,53
zhiwuyuan_aq#15,78,107,53
zhiwuyuan_aq#16,81,111,56
zhiwuyuan_aq#17,79,110,53
zhiwuyuan_aq#18,79,113,52
zhiwuyuan_aq#19,81,107,51
zhiwuyuan_aq#20,83,113,55
zhiwuyuan_aq#21,80,115,56
zhiwuyuan_aq#22,80,109,53
zhiwuyuan_aq#23,81,115,53
zhiwuyuan_aq#24,82,111,54
zhiwuyuan_aq#25,76,109,54
zhiwuyuan_aq#26,81,110,55
zhiwuyuan_aq#27,78,111,52
zhiwuyuan_aq#28,78,108,56
zhiwuyuan_aq#29,78,114,55
zhiwuyuan_aq#30,76,114,53
zhiwuyuan_aq#31,83,112,56
zhiwuyuan_aq#32,76,111,54
zhiwuyuan_aq#33,78,113,51
zhiwuyuan_aq#34,77,113,54
zhiwuyuan_aq#35,77,115,52
zhiwuyuan_aq#36,77,106,52
zhiwuyuan_aq#37,76,114,55
zhiwuyuan_aq#38,83,113,51
zhiwuyuan_aq#39,79,114,56
zhiwuyuan_aq#40,77,112,54
zhiwuyuan_aq#41,81,107,52
zhiwuyuan_aq#42,78,110,51
zhiwuyuan_aq#43,79,108,55
zhiwuyuan_aq#44,78,112,52
zhiwuyuan_aq#45,77,109,55
zhiwuyuan_aq#46,79,117,56
zhiwuyuan_aq#47,79,116,53
fengtaihuayuan_aq#0,84,144,47
fengtaihuayuan_aq#1,85,139,48
fengtaihuayuan_aq#2,89,142,49
fengtaihuayuan_aq#3,84,141,48
fengtaihuayuan_aq#4,83,140,50
fengtaihuayuan_aq#5,88,143,50
fengtaihuayuan_aq#6,89,138,47
fengtaihuayuan_aq#7,82,144,49
fengtaihuayuan_aq#8,83,140,48
fengtaihuayuan_aq#9,88,136,47
fengtaihuayuan_aq#10,88,141,51
fengtaihuayuan_aq#11,85,141,48
fengtaihuayuan_aq#12,83,143,48
fengtaihuayuan_aq#13,85,140,50
fengtaihuayuan_aq#14,86,138,50
fengtaihuayuan_aq#15,82,140,48
fengtaihuayuan_aq#16,86,148,51
fengtaihuayuan_aq#17,86,137,49
fengtaihuayuan_aq#18,86,146,51
fengtaihuayuan_aq#19,84,142,51
fengtaihuayuan_aq#20,87,147,47
fengtaihuayuan_aq#21,84,147,51
fengtaihuayuan_aq#22,87,135,51
fengtaihuayuan_aq#23,89,138,51
fengtaihuayuan_aq#24,86,147,48
fengtaihuayuan_aq#25,87,143,48
fengtaihuayuan_aq#26,87,145,52
fengtaihuayuan_aq#27,87,142,51
fengtaihuayuan_aq#28,88,144,48
fengtaihuayuan_aq#29,88,147,52
fengtaihuayuan_aq#30,84,139,49
fengtaihuayuan_aq#31,85,148,51
fengtaihuayuan_aq#32,83,147,48
fengtaihuayuan_aq#33,89,140,48
fengtaihuayuan_aq#34,87,144,51
fengtaihuayuan_aq#35,84,143,51
fengtaihuayuan_aq#36,85,144,48
fengtaihuayuan_aq#37,82,147,47
fengtaihuayuan_aq#38,89,142,51
fengtaihuayuan_aq#39,84,148,48
fengtaihuayuan_aq#40,85,147,48
fengtaihuayuan_aq#41,86,145,52
fengtaihuayuan_aq#42,83,135,48
fengtaihuayuan_aq#43,86,137,51
fengtaihuayuan_aq#44,84,144,52
fengtaihuayuan_aq#45,84,148,48
fengtaihuayuan_aq#46,82,139,48
fengtaihuayuan_aq#47,86,141,48
yungang_aq#0,85,97,74
yungang_aq#1,83,94,72
yungang_aq#2,79,91,71
yungang_aq#3,82,95,73
yungang_aq#4,82,98,75
yungang_aq#5,82,91,71
yungang_aq#6,82,96,72
yungang_aq#7,83,98,70
yungang_aq#8,86,98,68
yungang_aq#9,81,95,72
yungang_aq#10,82,97,68
yungang_aq#11,81,92,73
yungang_aq#12,80,95,69
yungang_aq#13,82,95,72
yungang_aq#14,82,91,73
yungang_aq#15,86,100,72
yungang_aq#16,86,95,72
yungang_aq#17,84,96,71
yungang_aq#18,84,98,70
yungang_aq#19,80,99,69
yungang_aq#20,80,94,74
yungang_aq#21,80,97,70
yungang_aq#22,86,93,69
yungang_aq#23,84,92,72
yungang_aq#24,83,97,71
yungang_aq#25,80,93,74
yungang_aq#26,80,93,69
yungang_aq#27,86,94,71
yungang_aq#28,83,91,72
yungang_aq#29,82,99,72
yungang_aq#30,81,94,71
yungang_aq#31,81,94,70
yungang_aq#32,86,96,73
yungang_aq#33,79,95,73
yungang_aq#34,85,99,74
yungang_aq#35,84,91,69
yungang_aq#36,86,91,71
yungang_aq#37,80,93,70
yungang_aq#38,83,96,70
yungang_aq#39,82,92,71
yungang_aq#40,80,94,70
yungang_aq#41,82,95,69
yungang_aq#42,87,98,70
yungang_aq#43,79,93,74
yungang_aq#44,87,99,70
yungang_aq#45,80,91,72
yungang_aq#46,84,98,70
yungang_aq#47,86,97,74
gucheng_aq#0,75,110,63
gucheng_aq#1,75,106,60
gucheng_aq#2,72,105,64
gucheng_aq#3,73,102,62
gucheng_aq#4,72,102,65
gucheng_aq#5,72,107,65
gucheng_aq#6,77,100,65
gucheng_aq#7,75,107,60
gucheng_aq#8,75,104,65
gucheng_aq#9,72,102,60
gucheng_aq#10,72,108,63
gucheng_aq#11,73,109,62
gucheng_aq#12,73,101,65
gucheng_aq#13,73,102,65
gucheng_aq#14,72,109,65
gucheng_aq#15,72,100,64
gucheng_aq#16,70,101,61
gucheng_aq#17,74,110,64
gucheng_aq#18,72,108,65
gucheng_aq#19,77,102,65
gucheng_aq#20,73,106,63
gucheng_aq#21,73,107,61
gucheng_aq#22,74,105,65
gucheng_aq#23,73,102,63
gucheng_aq#24,72,99,63
gucheng_aq#25,70,100,62
gucheng_aq#26,71,108,61
gucheng_aq#27,70,103,60
gucheng_aq#28,74,100,64
gucheng_aq#29,75,109,65
gucheng_aq#30,74,104,65
gucheng_aq#31,73,102,62
gucheng_aq#32,74,102,65
gucheng_aq#33,75,104,64
gucheng_aq#34,77,101,64
gucheng_aq#35,71,104,60
gucheng_aq#36,75,100,60
gucheng_aq#37,75,104,63
gucheng_aq#38,72,108,59
gucheng_aq#39,74,110,64
gucheng_aq#40,74,100,60
gucheng_aq#41,70,105,59
gucheng_aq#42,71,102,64
gucheng_aq#43,73,101,61
gucheng_aq#44,71,108,65
gucheng_aq#45,72,104,62
gucheng_aq#46,72,106,62
gucheng_aq#47,77,106,61
fangshan_aq#0,77,103,61
fangshan_aq#1,79,105,61
fangshan_aq#2,72,107,60
fangshan_aq#3,76,103,59
fangshan_aq#4,75,104,62
fangshan_aq#5,77,108,62
fangshan_aq#6,74,109,59
fangshan_aq#7,78,103,62
fangshan_aq#8,78,112,63
fangshan_aq#9,79,105,63
fangshan_aq#10,73,107,63
fangshan_aq#11,76,110,60
fangshan_aq#12,78,110,59
fangshan_aq#13,77,109,61
fangshan_aq#14,78,106,59
fangshan_aq#15,77,107,59
fangshan_aq#16,74,112,59
fangshan_aq#17,76,109,60
fangshan_aq#18,79,113,63
fangshan_aq#19,75,104,63
fangshan_aq#20,79,105,61
fangshan_aq#21,78,104,60
fangshan_aq#22,75,108,60
fangshan_aq#23,73,106,58
fangshan_aq#24,78,106,59
fangshan_aq#25,79,108,59
fangshan_aq#26,75,112,61
fangshan_aq#27,74,107,58
fangshan_aq#28,74,111,60
fangshan_aq#29,72,107,64
fangshan_aq#30,73,106,61
fangshan_aq#31,79,108,60
fangshan_aq#32,76,113,64
fangshan_aq#33,75,107,60
fangshan_aq#34,76,113,61
fangshan_aq#35,72,110,60
fangshan_aq#36,75,108,62
fangshan_aq#37,75,108,64
fangshan_aq#38,74,105,59
fangshan_aq#39,72,112,62
fangshan_aq#40,78,104,61
fangshan_aq#41,74,105,58
fangshan_aq#42,78,109,59
fangshan_aq#43,72,105,59
fangshan_aq#44,75,110,58
fangshan_aq#45,77,111,62
fangshan_aq#46,77,107,60
fangshan_aq#47,72,107,61
daxing_aq#0,82,129,57
daxing_aq#1,83,124,55
daxing_aq#2,84,127,58
daxing_aq#3,84,132,56
daxing_aq#4,86,121,59
daxing_aq#5,83,129,59
daxing_aq#6,83,128,59
daxing_aq#7,81,126,58
daxing_aq#8,82,133,60
daxing_aq#9,87,125,57
daxing_aq#10,87,124,59
daxing_aq#11,84,122,60
daxing_aq#12,85,125,55
daxing_aq#13,88,126,55
daxing_aq#14,83,128,55
daxing_aq#15,88,121,58
daxing_aq#16,84,125,58
daxing_aq#17,80,120,60
daxing_aq#18,80,132,59
daxing_aq#19,81,128,56
daxing_aq#20,85,126,57
daxing_aq#21,83,122,58
daxing_aq#22,87,131,59
daxing_aq#23,86,123,55
daxing_aq#24,82,131,59
daxing_aq#25,86,121,56
daxing_aq#26,87,128,57
daxing_aq#27,87,125,55
daxing_aq#28,83,128,56
daxing_aq#29,86,131,59
daxing_aq#30,85,122,56
daxing_aq#31,86,125,56
daxing_aq#32,88,131,59
daxing_aq#33,83,125,56
daxing_aq#34,84,125,59
daxing_aq#35,86,130,59
daxing_aq#36,87,120,60
daxing_aq#37,83,128,55
daxing_aq#38,87,125,60
daxing_aq#39,80,125,57
daxing_aq#40,82,132,57
daxing_aq#41,87,121,56
daxing_aq#42,81,129,56
daxing_aq#43,80,124,54
daxing_aq#44,80,131,56
daxing_aq#45,88,126,58
daxing_aq#46,84,123,56
daxing_aq#47,81,128,55
yizhuang_aq#0,85,118,48
yizhuang_aq#1,80,119,49
yizhuang_aq#2,81,117,46
yizhuang_aq#3,82,120,49
yizhuang_aq#4,86,113,47
yizhuang_aq#5,86,109,46
yizhuang_aq#6,83,113,49
yizhuang_aq#7,80,112,46
yizhuang_aq#8,83,116,48
yizhuang_aq#9,85,120,48
yizhuang_aq#10,85,118,48
yizhuang_aq#11,81,120,47
yizhuang_aq#12,87,111,47
yizhuang_aq#13,83,111,46
yizhuang_aq#14,87,109,46
yizhuang_aq#15,85,118,48
yizhuang_aq#16,81,110,48
yizhuang_aq#17,82,114,49
yizhuang_aq#18,87,110,49
yizhuang_aq#19,79,109,46
yizhuang_aq#20,87,112,46
yizhuang_aq#21,86,114,49
yizhuang_aq#22,83,117,45
yizhuang_aq#23,87,110,46
yizhuang_aq#24,86,119,47
yizhuang_aq#25,84,114,46
yizhuang_aq#26,87,110,48
yizhuang_aq#27,84,113,49
yizhuang_aq#28,82,118,49
yizhuang_aq#29,82,118,47
yizhuang_aq#30,86,119,47
yizhuang_aq#31,86,120,49
yizhuang_aq#32,87,119,47
yizhuang_aq#33,86,115,45
yizhuang_aq#34,81,119,47
yizhuang_aq#35,80,114,46
yizhuang_aq#36,81,109,49
yizhuang_aq#37,82,109,46
yizhuang_aq#38,86,118,47
yizhuang_aq#39,84,114,48
yizhuang_aq#40,80,118,48
yizhuang_aq#41,82,110,48
yizhuang_aq#42,80,113,45
yizhuang_aq#43,81,114,46
yizhuang_aq#44,80,118,48
yizhuang_aq#45,83,118,47
yizhuang_aq#46,80,117,47
yizhuang_aq#47,86,109,49
tongzhou_aq#0,84,133,39
tongzhou_aq#1,81,139,40
tongzhou_aq#2,83,142,38
tongzhou_aq#3,79,132,39
tongzhou_aq#4,79,135,41
tongzhou_aq#5,84,137,41
tongzhou_aq#6,77,136,40
tongzhou_aq#7,78,133,39
tongzhou_aq#8,80,132,38
tongzhou_aq#9,77,133,41
tongzhou_aq#10,81,135,38
tongzhou_aq#11,81,137,40
tongzhou_aq#12,79,132,38
tongzhou_aq#13,80,141,38
tongzhou_aq#14,81,130,40
tongzhou_aq#15,83,134,40
tongzhou_aq#16,77,140,40
tongzhou_aq#17,81,141,41
tongzhou_aq#18,83,131,41
tongzhou_aq#19,83,132,38
tongzhou_aq#20,79,141,41
tongzhou_aq#21,85,135,38
tongzhou_aq#22,77,141,38
tongzhou_aq#23,84,131,38
tongzhou_aq#24,85,134,38
tongzhou_aq#25,78,131,39
tongzhou_aq#26,84,138,41
tongzhou_aq#27,82,135,41
tongzhou_aq#28,83,137,40
tongzhou_aq#29,79,131,39
tongzhou_aq#30,81,131,40
tongzhou_aq#31,81,137,39
tongzhou_aq#32,80,138,37
tongzhou_aq#33,78,141,38
tongzhou_aq#34,85,136,40
tongzhou_aq#35,78,132,38
tongzhou_aq#36,78,138,38
tongzhou_aq#37,82,133,40
tongzhou_aq#38,78,138,41
tongzhou_aq#39,83,139,39
tongzhou_aq#40,80,138,38
tongzhou_aq#41,79,137,41
tongzhou_aq#42,79,134,40
tongzhou_aq#43,85,134,39
tongzhou_aq#44,81,143,38
tongzhou_aq#45,77,137,38
tongzhou_aq#46,80,140,38
tongzhou_aq#47,85,142,39
shunyi_aq#0,79,131,40
shunyi_aq#1,76,137,40
shunyi_aq#2,76,127,41
shunyi_aq#3,78,136,40
shunyi_aq#4,76,138,41
shunyi_aq#5,77,133,41
shunyi_aq#6,76,128,39
shunyi_aq#7,76,128,39
shunyi_aq#8,75,125,42
shunyi_aq#9,78,125,43
shunyi_aq#10,77,133,40
shunyi_aq#11,74,128,40
shunyi_aq#12,79,138,43
shunyi_aq#13,77,129,41
shunyi_aq#14,80,133,42
shunyi_aq#15,78,137,41
shunyi_aq#16,79,131,39
shunyi_aq#17,76,130,43
shunyi_aq#18,79,137,40
shunyi_aq#19,76,133,41
shunyi_aq#20,74,125,40
shunyi_aq#21,81,127,39
shunyi_aq#22,80,135,41
shunyi_aq#23,80,132,41
shunyi_aq#24,79,127,41
shunyi_aq#25,79,125,43
shunyi_aq#26,75,135,40
shunyi_aq#27,74,134,41
shunyi_aq#28,79,132,42
shunyi_aq#29,81,126,41
shunyi_aq#30,78,126,42
shunyi_aq#31,77,132,43
shunyi_aq#32,80,131,42
shunyi_aq#33,76,136,42
shunyi_aq#34,79,130,43
shunyi_aq#35,78,127,42
shunyi_aq#36,78,138,39
shunyi_aq#37,76,132,40
shunyi_aq#38,78,127,41
shunyi_aq#39,78,135,42
shunyi_aq#40,74,133,43
shunyi_aq#41,77,127,42
shunyi_aq#42,75,136,43
shunyi_aq#43,75,137,40
shunyi_aq#44,78,134,42
shunyi_aq#45,81,133,42
shunyi_aq#46,75,125,42
shunyi_aq#47,76,131,42
pingchang_aq#0,85,127,55
pingchang_aq#1,84,130,54
pingchang_aq#2,83,122,52
pingchang_aq#3,87,127,55
pingchang_aq#4,85,121,55
pingchang_aq#5,81,130,55
pingchang_aq#6,85,131,54
pingchang_aq#7,87,120,55
pingchang_aq#8,82,125,53
pingchang_aq#9,89,120,51
pingchang_aq#10,84,130,53
pingchang_aq#11,89,131,52
pingchang_aq#12,88,122,55
pingchang_aq#13,87,130,54
pingchang_aq#14,87,132,51
pingchang_aq#15,84,126,51
pingchang_aq#16,87,130,53
pingchang_aq#17,82,121,54
pingchang_aq#18,88,121,52
pingchang_aq#19,84,128,55
pingchang_aq#20,87,127,52
pingchang_aq#21,82,127,55
pingchang_aq#22,83,128,55
pingchang_aq#23,87,120,53
pingchang_aq#24,84,119,51
pingchang_aq#25,87,130,54
pingchang_aq#26,86,122,52
pingchang_aq#27,85,132,53
pingchang_aq#28,83,130,52
pingchang_aq#29,83,130,51
pingchang_aq#30,85,126,56
pingchang_aq#31,81,131,51
pingchang_aq#32,83,128,51
pingchang_aq#33,83,131,53
pingchang_aq#34,83,122,52
pingchang_aq#35,83,121,55
pingchang_aq#36,88,131,52
pingchang_aq#37,87,121,52
pingchang_aq#38,85,128,53
pingchang_aq#39,86,129,54
pingchang_aq#40,82,123,51
pingchang_aq#41,87,131,55
pingchang_aq#42,85,132,55
pingchang_aq#43,89,123,55
pingchang_aq#44,82,126,52
pingchang_aq#45,83,128,51
pingchang_aq#46,86,129,53
pingchang_aq#47,82,125,52
mentougou_aq#0,87,118,53
mentougou_aq#1,86,109,55
mentougou_aq#2,85,120,55
mentougou_aq#3,80,112,51
mentougou_aq#4,82,113,54
mentougou_aq#5,81,118,53
mentougou_aq#6,82,110,55
mentougou_aq#7,87,112,52
mentougou_aq#8,88,116,56
mentougou_aq#9,80,118,53
mentougou_aq#10,85,117,54
mentougou_aq#11,86,111,55
mentougou_aq#12,88,114,54
mentougou_aq#13,84,110,54
mentougou_aq#14,88,114,51
mentougou_aq#15,82,119,56
mentougou_aq#16,87,116,55
mentougou_aq#17,80,119,53
mentougou_aq#18,82,112,56
mentougou_aq#19,85,109,53
mentougou_aq#20,80,110,51
mentougou_aq#21,85,112,52
mentougou_aq#22,81,117,53
mentougou_aq#23,82,111,56
mentougou_aq#24,87,117,53
mentougou_aq#25,81,111,51
mentougou_aq#26,88,116,54
mentougou_aq#27,82,117,51
mentougou_aq#28,86,117,55
mentougou_aq#29,85,117,51
mentougou_aq#30,86,116,54
mentougou_aq#31,82,112,53
mentougou_aq#32,88,116,56
mentougou_aq#33,83,111,56
mentougou_aq#34,81,116,55
mentougou_aq#35,88,111,54
mentougou_aq#36,81,115,52
mentougou_aq#37,84,110,55
mentougou_aq#38,84,111,56
mentougou_aq#39,87,115,56
mentougou_aq#40,87,114,52
mentougou_aq#41,83,118,51
mentougou_aq#42,87,117,54
mentougou_aq#43,85,111,54
mentougou_aq#44,84,119,55
mentougou_aq#45,81,111,51
mentougou_aq#46,81,110,54
mentougou_aq#47,88,118,51
pinggu_aq#0,67,82,96
pinggu_aq#1,71,84,97
pinggu_aq#2,68,84,98
pinggu_aq#3,71,88,93
pinggu_aq#4,69,80,96
pinggu_aq#5,71,87,100
pinggu_aq#6,68,83,94
pinggu_aq#7,69,80,93
pinggu_aq#8,67,81,100
pinggu_aq#9,68,85,92
pinggu_aq#10,67,86,99
pinggu_aq#11,71,84,100
pinggu_aq#12,67,81,93
pinggu_aq#13,65,82,97
pinggu_aq#14,70,86,98
pinggu_aq#15,65,87,100
pinggu_aq#16,71,85,93
pinggu_aq#17,65,80,96
pinggu_aq#18,65,87,96
pinggu_aq#19,71,84,92
pinggu_aq#20,71,87,98
pinggu_aq#21,70,81,100
pinggu_aq#22,67,82,98
pinggu_aq#23,67,86,92
pinggu_aq#24,68,81,98
pinggu_aq#25,70,82,95
pinggu_aq#26,66,88,94
pinggu_aq#27,69,80,97
pinggu_aq#28,68,86,97
pinggu_aq#29,66,82,96
pinggu_aq#30,70,84,92
pinggu_aq#31,70,83,95
pinggu_aq#32,71,84,91
pinggu_aq#33,67,80,100
pinggu_aq#34,72,85,93
pinggu_aq#35,71,81,99
pinggu_aq#36,65,80,93
pinggu_aq#37,71,82,95
pinggu_aq#38,67,82,91
pinggu_aq#39,69,84,98
pinggu_aq#40,66,85,99
pinggu_aq#41,71,86,97
pinggu_aq#42,71,85,91
pinggu_aq#43,69,84,96
pinggu_aq#44,66,86,94
pinggu_aq#45,72,83,93
pinggu_aq#46,69,85,93
pinggu_aq#47,65,82,99
huairou_aq#0,76,110,64
huairou_aq#1,75,119,65
huairou_aq#2,75,112,63
huairou_aq#3,77,121,63
huairou_aq#4,75,120,60
huairou_aq#5,77,115,62
huairou_aq#6,76,117,64
huairou_aq#7,78,120,64
huairou_aq#8,75,118,63
huairou_aq#9,76,119,66
huairou_aq#10,80,111,62
huairou_aq#11,76,114,63
huairou_aq#12,81,117,65
huairou_aq#13,81,117,64
huairou_aq#14,80,119,65
huairou_aq#15,82,120,60
huairou_aq#16,77,121,66
huairou_aq#17,75,117,65
huairou_aq#18,81,112,61
huairou_aq#19,81,118,60
huairou_aq#20,76,110,62
huairou_aq#21,75,119,60
huairou_aq#22,81,115,61
huairou_aq#23,80,117,62
huairou_aq#24,81,117,65
huairou_aq#25,81,121,65
huairou_aq#26,82,116,63
huairou_aq#27,82,112,65
huairou_aq#28,80,118,62
huairou_aq#29,76,116,65
huairou_aq#30,79,117,62
huairou_aq#31,79,119,63
huairou_aq#32,76,115,63
huairou_aq#33,77,115,61
huairou_aq#34,78,121,61
huairou_aq#35,81,118,61
huairou_aq#36,79,117,62
huairou_aq#37,82,120,63
huairou_aq#38,76,112,66
huairou_aq#39,80,119,63
huairou_aq#40,75,117,64
huairou_aq#41,77,118,65
huairou_aq#42,75,118,63
huairou_aq#43,75,118,63
huairou_aq#44,78,120,63
huairou_aq#45,75,115,64
huairou_aq#46,75,116,61
huairou_aq#47,81,121,60
miyun_aq#0,73,101,76
miyun_aq#1,73,97,72
miyun_aq#2,71,94,80
miyun_aq#3,76,97,75
miyun_aq#4,76,98,76
miyun_aq#5,73,100,77
miyun_aq#6,72,97,75
miyun_aq#7,72,94,77
miyun_aq#8,74,98,73
miyun_aq#9,72,97,75
miyun_aq#10,76,95,79
miyun_aq#11,71,97,74
miyun_aq#12,78,98,77
miyun_aq#13,72,102,79
miyun_aq#14,73,94,73
miyun_aq#15,78,95,79
miyun_aq#16,76,94,77
miyun_aq#17,74,96,80
miyun_aq#18,71,96,76
miyun_aq#19,75,97,73
miyun_aq#20,73,94,77
miyun_aq#21,71,99,79
miyun_aq#22,78,95,74
miyun_aq#23,73,97,73
miyun_aq#24,77,102,78
miyun_aq#25,75,94,75
miyun_aq#26,76,94,75
miyun_aq#27,75,100,74
miyun_aq#28,76,94,74
miyun_aq#29,78,98,76
miyun_aq#30,78,99,78
miyun_aq#31,76,98,78
miyun_aq#32,75,95,77
miyun_aq#33,72,95,79
miyun_aq#34,76,101,77
miyun_aq#35,74,96,75
miyun_aq#36,73,103,76
miyun_aq#37,71,94,79
miyun_aq#38,78,100,72
miyun_aq#39,77,98,76
miyun_aq#40,72,96,80
miyun_aq#41,78,95,73
miyun_aq#42,74,103,78
miyun_aq#43,73,103,76
miyun_aq#44,72,94,77
miyun_aq#45,76,99,79
miyun_aq#46,78,94,76
miyun_aq#47,72,96,77
yanqin_aq#0,82,117,61
yanqin_aq#1,79,113,60
yanqin_aq#2,80,119,56
yanqin_aq#3,81,115,60
yanqin_aq#4,82,114,56
yanqin_aq#5,85,111,60
yanqin_aq#6,84,119,58
yanqin_aq#7,81,109,59
yanqin_aq#8,80,115,57
yanqin_aq#9,79,119,60
yanqin_aq#10,83,112,57
yanqin_aq#11,83,119,59
yanqin_aq#12,78,116,61
yanqin_aq#13,84,119,59
yanqin_aq#14,83,117,59
yanqin_aq#15,82,109,60
yanqin_aq#16,79,117,58
yanqin_aq#17,78,118,58
yanqin_aq#18,78,119,58
yanqin_aq#19,84,117,60
yanqin_aq#20,80,112,56
yanqin_aq#21,77,111,59
yanqin_aq#22,77,114,57
yanqin_aq#23,77,114,58
yanqin_aq#24,82,120,59
yanqin_aq#25,79,118,60
yanqin_aq#26,82,114,61
yanqin_aq#27,78,113,58
yanqin_aq#28,82,111,56
yanqin_aq#29,81,109,60
yanqin_aq#30,85,117,59
yanqin_aq#31,82,109,60
yanqin_aq#32,85,118,56
yanqin_aq#33,85,116,57
yanqin_aq#34,80,116,59
yanqin_aq#35,79,109,57
yanqin_aq#36,84,109,60
yanqin_aq#37,79,119,56
yanqin_aq#38,83,114,58
yanqin_aq#39,83,115,60
yanqin_aq#40,79,119,59
yanqin_aq#41,84,112,59
yanqin_aq#42,85,114,57
yanqin_aq#43,78,111,60
yanqin_aq#44,85,109,58
yanqin_aq#45,78,113,61
yanqin_aq#46,82,115,61
yanqin_aq#47,85,114,59
dingling_aq#0,65,110,61
dingling_aq#1,65,112,61
dingling_aq#2,70,117,62
dingling_aq#3,72,117,62
dingling_aq#4,65,110,63
dingling_aq#5,67,116,65
dingling_aq#6,67,120,62
dingling_aq#7,71,115,65
dingling_aq#8,66,116,64
dingling_aq#9,65,118,62
dingling_aq#10,67,113,62
dingling_aq#11,69,120,64
dingling_aq#12,66,112,64
dingling_aq#13,72,113,63
dingling_aq#14,67,118,63
dingling_aq#15,69,119,65
dingling_aq#16,67,120,63
dingling_aq#17,66,112,64
dingling_aq#18,66,118,60
dingling_aq#19,67,112,64
dingling_aq#20,67,118,62
dingling_aq#21,65,113,65
dingling_aq#22,67,116,60
dingling_aq#23,66,114,65
dingling_aq#24,65,116,64
dingling_aq#25,72,111,62
dingling_aq#26,65,110,60
dingling_aq#27,66,115,64
dingling_aq#28,72,116,62
dingling_aq#29,66,120,60
dingling_aq#30,72,109,64
dingling_aq#31,66,111,60
dingling_aq#32,68,117,61
dingling_aq#33,72,111,60
dingling_aq#34,67,119,63
dingling_aq#35,71,117,60
dingling_aq#36,67,114,65
dingling_aq#37,69,114,62
dingling_aq#38,72,113,64
dingling_aq#39,71,118,62
dingling_aq#40,71,118,60
dingling_aq#41,66,120,63
dingling_aq#42,70,113,62
dingling_aq#43,66,114,65
dingling_aq#44,68,120,65
dingling_aq#45,71,112,62
dingling_aq#46,66,116,60
dingling_aq#47,70,117,62
badaling_aq#0,79,116,52
badaling_aq#1,78,109,54
badaling_aq#2,79,117,50
badaling_aq#3,77,113,51
badaling_aq#4,80,117,51
badaling_aq#5,78,117,50
badaling_aq#6,78,114,54
badaling_aq#7,82,111,53
badaling_aq#8,79,113,49
badaling_aq#9,80,119,53
badaling_aq#10,81,114,51
badaling_aq#11,82,117,50
badaling_aq#12,79,112,52
badaling_aq#13,81,112,53
badaling_aq#14,81,116,52
badaling_aq#15,80,112,52
badaling_aq#16,80,113,50
badaling_aq#17,79,118,53
badaling_aq#18,80,113,53
badaling_aq#19,81,110,54
badaling_aq#20,83,111,51
badaling_aq#21,81,110,51
badaling_aq#22,80,112,53
badaling_aq#23,80,111,49
badaling_aq#24,76,118,53
badaling_aq#25,80,115,52
badaling_aq#26,82,116,51
badaling_aq#27,80,109,51
badaling_aq#28,83,111,49
badaling_aq#29,76,117,54
badaling_aq#30,82,110,53
badaling_aq#31,81,117,49
badaling_aq#32,80,110,51
badaling_aq#33,81,114,50
badaling_aq#34,79,114,51
badaling_aq#35,77,112,52
badaling_aq#36,79,119,53
badaling_aq#37,77,110,52
badaling_aq#38,81,112,50
badaling_aq#39,78,116,53
badaling_aq#40,83,116,49
badaling_aq#41,78,113,51
badaling_aq#42,77,114,53
badaling_aq#43,80,117,49
badaling_aq#44,80,119,50
badaling_aq#45,80,116,49
badaling_aq#46,80,118,51
badaling_aq#47,79,120,53
miyunshuiku_aq#0,76,92,75
miyunshuiku_aq#1,75,89,76
miyunshuiku_aq#2,79,95,72
miyunshuiku_aq#3,80,94,77
miyunshuiku_aq#4,80,96,77
miyunshuiku_aq#5,76,97,78
miyunshuiku_aq#6,75,91,77
miyunshuiku_aq#7,77,92,77
miyunshuiku_aq#8,80,89,77
miyunshuiku_aq#9,76,97,78
miyunshuiku_aq#10,77,96,79
miyunshuiku_aq#11,80,92,77
miyunshuiku_aq#12,78,93,72
miyunshuiku_aq#13,81,93,72
miyunshuiku_aq#14,78,94,79
miyunshuiku_aq#15,82,92,73
miyunshuiku_aq#16,80,89,78
miyunshuiku_aq#17,82,95,76
miyunshuiku_aq#18,78,93,78
miyunshuiku_aq#19,82,90,76
miyunshuiku_aq#20,78,97,73
miyunshuiku_aq#21,82,97,76
miyunshuiku_aq#22,78,92,74
miyunshuiku_aq#23,80,93,75
miyunshuiku_aq#24,75,96,76
miyunshuiku_aq#25,75,91,74
miyunshuiku_aq#26,82,89,72
miyunshuiku_aq#27,82,93,77
miyunshuiku_aq#28,77,91,75
miyunshuiku_aq#29,78,96,77
miyunshuiku_aq#30,76,95,75
miyunshuiku_aq#31,75,90,76
miyunshuiku_aq#32,78,92,78
miyunshuiku_aq#33,78,92,72
miyunshuiku_aq#34,75,94,74
miyunshuiku_aq#35,82,90,79
miyunshuiku_aq#36,78,93,78
miyunshuiku_aq#37,79,95,76
miyunshuiku_aq#38,81,91,78
miyunshuiku_aq#39,75,95,78
miyunshuiku_aq#40,76,97,73
miyunshuiku_aq#41,79,88,78
miyunshuiku_aq#42,78,95,79
miyunshuiku_aq#43,77,92,78
miyunshuiku_aq#44,76,92,76
miyunshuiku_aq#45,79,97,73
miyunshuiku_aq#46,77,92,78
miyunshuiku_aq#47,75,96,73
donggaocun_aq#0,79,112,70
donggaocun_aq#1,83,114,68
donggaocun_aq#2,83,112,73
donggaocun_aq#3,81,116,72
donggaocun_aq#4,79,113,67
donggaocun_aq#5,76,107,68
donggaocun_aq#6,84,112,73
donggaocun_aq#7,82,113,71
donggaocun_aq#8,81,107,68
donggaocun_aq#9,83,116,72
donggaocun_aq#10,83,105,71
donggaocun_aq#11,82,110,72
donggaocun_aq#12,81,114,68
donggaocun_aq#13,82,107,70
donggaocun_aq#14,82,108,68
donggaocun_aq#15,81,107,69
donggaocun_aq#16,80,107,72
donggaocun_aq#17,80,110,72
donggaocun_aq#18,80,111,72
donggaocun_aq#19,76,106,72
donggaocun_aq#20,77,113,68
donggaocun_aq#21,82,114,73
donggaocun_aq#22,78,109,72
donggaocun_aq#23,78,106,70
donggaocun_aq#24,83,114,70
donggaocun_aq#25,82,108,72
donggaocun_aq#26,81,109,72
donggaocun_aq#27,81,109,67
donggaocun_aq#28,81,110,71
donggaocun_aq#29,79,111,71
donggaocun_aq#30,83,115,67
donggaocun_aq#31,78,112,72
donggaocun_aq#32,79,105,72
donggaocun_aq#33,81,109,67
donggaocun_aq#34,79,111,68
donggaocun_aq#35,82,113,70
donggaocun_aq#36,78,111,69
donggaocun_aq#37,83,114,71
donggaocun_aq#38,81,109,74
donggaocun_aq#39,78,108,73
donggaocun_aq#40,82,107,72
donggaocun_aq#41,77,114,68
donggaocun_aq#42,78,116,67
donggaocun_aq#43,80,108,70
donggaocun_aq#44,80,112,67
donggaocun_aq#45,83,106,68
donggaocun_aq#46,83,110,67
donggaocun_aq#47,78,112,73
yongledian_aq#0,81,118,62
yongledian_aq#1,81,119,58
yongledian_aq#2,80,118,61
yongledian_aq#3,79,109,59
yongledian_aq#4,80,116,61
yongledian_aq#5,76,115,57
yongledian_aq#6,76,118,60
yongledian_aq#7,79,109,62
yongledian_aq#8,78,109,59
yongledian_aq#9,77,112,59
yongledian_aq#10,79,116,62
yongledian_aq#11,78,114,57
yongledian_aq#12,81,116,58
yongledian_aq#13,76,116,58
yongledian_aq#14,75,119,58
yongledian_aq#15,80,117,60
yongledian_aq#16,74,115,58
yongledian_aq#17,81,115,62
yongledian_aq#18,78,110,59
yongledian_aq#19,75,114,60
yongledian_aq#20,77,114,61
yongledian_aq#21,78,110,60
yongledian_aq#22,77,113,57
yongledian_aq#23,78,118,57
yongledian_aq#24,79,110,62
yongledian_aq#25,78,109,61
yongledian_aq#26,79,114,61
yongledian_aq#27,77,109,62
yongledian_aq#28,75,113,58
yongledian_aq#29,78,115,58
yongledian_aq#30,80,109,58
yongledian_aq#31,77,112,57
yongledian_aq#32,82,108,61
yongledian_aq#33,77,115,62
yongledian_aq#34,81,112,61
yongledian_aq#35,76,119,57
yongledian_aq#36,79,115,58
yongledian_aq#37,75,119,58
yongledian_aq#38,76,118,58
yongledian_aq#39,79,118,62
yongledian_aq#40,76,111,61
yongledian_aq#41,82,114,58
yongledian_aq#42,78,115,59
yongledian_aq#43,79,109,60
yongledian_aq#44,75,115,58
yongledian_aq#45,81,112,60
yongledian_aq#46,80,114,62
yongledian_aq#47,75,110,59
yufa_aq#0,76,117,56
yufa_aq#1,78,117,55
yufa_aq#2,73,113,58
yufa_aq#3,75,116,56
yufa_aq#4,78,116,54
yufa_aq#5,72,113,55
yufa_aq#6,79,117,56
yufa_aq#7,76,114,58
yufa_aq#8,73,116,56
yufa_aq#9,77,111,55
yufa_aq#10,77,115,59
yufa_aq#11,74,115,54
yufa_aq#12,76,115,57
yufa_aq#13,75,112,59
yufa_aq#14,74,112,57
yufa_aq#15,78,107,54
yufa_aq#16,74,110,57
yufa_aq#17,77,117,55
yufa_aq#18,72,113,56
yufa_aq#19,78,116,57
yufa_aq#20,73,109,55
yufa_aq#21,78,115,56
yufa_aq#22,76,118,54
yufa_aq#23,79,117,56
yufa_aq#24,79,112,56
yufa_aq#25,79,117,56
yufa_aq#26,78,107,57
yufa_aq#27,77,110,54
yufa_aq#28,76,112,55
yufa_aq#29,73,113,55
yufa_aq#30,75,117,56
yufa_aq#31,78,109,58
yufa_aq#32,77,110,55
yufa_aq#33,72,111,58
yufa_aq#34,80,111,58
yufa_aq#35,78,115,58
yufa_aq#36,77,108,55
yufa_aq#37,77,117,57
yufa_aq#38,72,110,57
yufa_aq#39,77,114,55
yufa_aq#40,75,108,54
yufa_aq#41,75,109,59
yufa_aq#42,79,112,58
yufa_aq#43,78,110,57
yufa_aq#44,76,113,55
yufa_aq#45,77,116,58
yufa_aq#46,79,114,59
yufa_aq#47,72,112,59
liulihe_aq#0,83,116,67
liulihe_aq#1,84,114,66
liulihe_aq#2,78,107,69
liulihe_aq#3,80,115,65
liulihe_aq#4,81,113,68
liulihe_aq#5,78,108,68
liulihe_aq#6,85,107,63
liulihe_aq#7,78,110,63
liulihe_aq#8,84,108,69
liulihe_aq#9,80,113,65
liulihe_aq#10,82,111,64
liulihe_aq#11,78,111,69
liulihe_aq#12,84,107,68
liulihe_aq#13,80,107,69
liulihe_aq#14,85,106,67
liulihe_aq#15,84,110,67
liulihe_aq#16,79,115,63
liulihe_aq#17,83,110,64
liulihe_aq#18,84,110,64
liulihe_aq#19,80,114,66
liulihe_aq#20,80,110,67
liulihe_aq#21,83,111,63
liulihe_aq#22,80,113,69
liulihe_aq#23,82,109,64
liulihe_aq#24,82,109,64
liulihe_aq#25,78,113,69
liulihe_aq#26,86,113,69
liulihe_aq#27,85,106,64
liulihe_aq#28,82,110,63
liulihe_aq#29,86,115,64
liulihe_aq#30,85,106,63
liulihe_aq#31,79,107,64
liulihe_aq#32,79,106,68
liulihe_aq#33,80,114,66
liulihe_aq#34,80,107,65
liulihe_aq#35,83,112,69
liulihe_aq#36,82,115,65
liulihe_aq#37,81,108,63
liulihe_aq#38,80,115,69
liulihe_aq#39,85,111,67
liulihe_aq#40,81,111,69
liulihe_aq#41,82,111,68
liulihe_aq#42,79,110,65
liulihe_aq#43,82,112,66
liulihe_aq#44,80,106,68
liulihe_aq#45,81,112,68
liulihe_aq#46,81,107,63
liulihe_aq#47,80,110,69
qianmen_aq#0,90,137,47
qianmen_aq#1,89,132,47
qianmen_aq#2,86,132,49
qianmen_aq#3,83,132,49
qianmen_aq#4,90,130,51
qianmen_aq#5,82,133,51
qianmen_aq#6,87,129,48
qianmen_aq#7,88,129,49
qianmen_aq#8,83,142,50
qianmen_aq#9,82,141,49
qianmen_aq#10,82,141,48
qianmen_aq#11,86,140,49
qianmen_aq#12,84,138,49
qianmen_aq#13,82,141,49
qianmen_aq#14,85,132,51
qianmen_aq#15,88,138,51
qianmen_aq#16,83,137,49
qianmen_aq#17,87,142,47
qianmen_aq#18,90,134,48
qianmen_aq#19,86,139,49
qianmen_aq#20,85,132,51
qianmen_aq#21,85,132,49
qianmen_aq#22,86,131,50
qianmen_aq#23,82,139,52
qianmen_aq#24,89,137,52
qianmen_aq#25,87,129,50
qianmen_aq#26,86,141,48
qianmen_aq#27,86,131,48
qianmen_aq#28,84,129,51
qianmen_aq#29,82,134,48
qianmen_aq#30,86,131,51
qianmen_aq#31,87,130,47
qianmen_aq#32,84,140,50
qianmen_aq#33,86,139,49
qianmen_aq#34,83,135,48
qianmen_aq#35,87,135,51
qianmen_aq#36,87,138,48
qianmen_aq#37,86,141,49
qianmen_aq#38,85,131,51
qianmen_aq#39,82,133,49
qianmen_aq#40,82,138,49
qianmen_aq#41,89,140,48
qianmen_aq#42,88,130,52
qianmen_aq#43,90,138,50
qianmen_aq#44,89,138,51
qianmen_aq#45,83,138,49
qianmen_aq#46,85,133,50
qianmen_aq#47,89,132,51
yongdingmennei_aq#0,90,117,47
yongdingmennei_aq#1,82,110,45
yongdingmennei_aq#2,90,108,48
yongdingmennei_aq#3,90,119,46
yongdingmennei_aq#4,83,118,45
yongdingmennei_aq#5,86,115,48
yongdingmennei_aq#6,83,111,46
yongdingmennei_aq#7,87,116,46
yongdingmennei_aq#8,82,113,44
yongdingmennei_aq#9,85,114,48
yongdingmennei_aq#10,85,112,47
yongdingmennei_aq#11,90,114,44
yongdingmennei_aq#12,82,118,47
yongdingmennei_aq#13,85,112,47
yongdingmennei_aq#14,82,118,46
yongdingmennei_aq#15,89,115,45
yongdingmennei_aq#16,88,109,47
yongdingmennei_aq#17,86,113,47
yongdingmennei_aq#18,88,109,46
yongdingmennei_aq#19,87,112,44
yongdingmennei_aq#20,88,108,47
yongdingmennei_aq#21,88,116,45
yongdingmennei_aq#22,88,110,47
yongdingmennei_aq#23,82,112,46
yongdingmennei_aq#24,83,110,47
yongdingmennei_aq#25,82,110,46
yongdingmennei_aq#26,87,111,47
yongdingmennei_aq#27,83,117,48
yongdingmennei_aq#28,88,109,44
yongdingmennei_aq#29,85,112,46
yongdingmennei_aq#30,86,111,45
yongdingmennei_aq#31,87,112,45
yongdingmennei_aq#32,86,115,44
yongdingmennei_aq#33,83,119,47
yongdingmennei_aq#34,88,116,46
yongdingmennei_aq#35,90,118,46
yongdingmennei_aq#36,89,108,46
yongdingmennei_aq#37,88,109,45
yongdingmennei_aq#38,89,116,44
yongdingmennei_aq#39,86,119,44
yongdingmennei_aq#40,89,119,44
yongdingmennei_aq#41,84,111,45
yongdingmennei_aq#42,83,112,47
yongdingmennei_aq#43,84,118,46
yongdingmennei_aq#44,84,119,47
yongdingmennei_aq#45,83,119,46
yongdingmennei_aq#46,86,113,48
yongdingmennei_aq#47,90,118,47
xizhimenbei_aq#0,134,193,55
xizhimenbei_aq#1,129,185,53
xizhimenbei_aq#2,131,184,57
xizhimenbei_aq#3,130,193,55
xizhimenbei_aq#4,123,183,57
xizhimenbei_aq#5,131,182,55
xizhimenbei_aq#6,128,180,57
xizhimenbei_aq#7,131,192,53
xizhimenbei_aq#8,124,184,53
xizhimenbei_aq#9,133,183,53
xizhimenbei_aq#10,128,184,53
xizhimenbei_aq#11,130,183,55
xizhimenbei_aq#12,125,182,55
xizhimenbei_aq#13,121,178,55
xizhimenbei_aq#14,131,191,57
xizhimenbei_aq#15,125,183,52
xizhimenbei_aq#16,127,180,54
xizhimenbei_aq#17,122,194,53
xizhimenbei_aq#18,128,190,57
xizhimenbei_aq#19,125,183,57
xizhimenbei_aq#20,125,181,58
xizhimenbei_aq#21,126,191,54
xizhimenbei_aq#22,124,190,57
xizhimenbei_aq#23,128,180,55
xizhimenbei_aq#24,132,189,52
xizhimenbei_aq#25,129,191,57
xizhimenbei_aq#26,128,185,56
xizhimenbei_aq#27,129,190,57
xizhimenbei_aq#28,122,185,53
xizhimenbei_aq#29,129,185,54
xizhimenbei_aq#30,128,196,55
xizhimenbei_aq#31,126,182,55
xizhimenbei_aq#32,132,193,56
xizhimenbei_aq#33,132,190,57
xizhimenbei_aq#34,122,187,54
xizhimenbei_aq#35,131,183,57
xizhimenbei_aq#36,131,193,53
xizhimenbei_aq#37,125,195,56
xizhimenbei_aq#38,122,178,56
xizhimenbei_aq#39,126,180,54
xizhimenbei_aq#40,133,188,55
xizhimenbei_aq#41,134,197,53
xizhimenbei_aq#42,129,191,56
xizhimenbei_aq#43,127,190,55
xizhimenbei_aq#44,124,187,57
xizhimenbei_aq#45,127,192,55
xizhimenbei_aq#46,134,184,55
xizhimenbei_aq#47,130,197,57
nansanhuan_aq#0,77,129,53
nansanhuan_aq#1,78,127,53
nansanhuan_aq#2,77,122,53
nansanhuan_aq#3,82,124,49
nansanhuan_aq#4,80,133,51
nansanhuan_aq#5,83,133,51
nansanhuan_aq#6,83,127,52
nansanhuan_aq#7,81,124,50
nansanhuan_aq#8,80,125,50
nansanhuan_aq#9,82,126,49
nansanhuan_aq#10,80,133,50
nansanhuan_aq#11,83,125,53
nansanhuan_aq#12,78,132,52
nansanhuan_aq#13,81,122,50
nansanhuan_aq#14,78,123,49
nansanhuan_aq#15,79,129,53
nansanhuan_aq#16,79,134,51
nansanhuan_aq#17,76,125,53
nansanhuan_aq#18,79,127,53
nansanhuan_aq#19,76,122,51
nansanhuan_aq#20,81,131,53
nansanhuan_aq#21,79,132,51
nansanhuan_aq#22,83,123,52
nansanhuan_aq#23,82,131,50
nansanhuan_aq#24,79,125,51
nansanhuan_aq#25,77,127,52
nansanhuan_aq#26,77,127,53
nansanhuan_aq#27,78,129,52
nansanhuan_aq#28,82,134,49
nansanhuan_aq#29,82,122,52
nansanhuan_aq#30,80,124,52
nansanhuan_aq#31,83,133,51
nansanhuan_aq#32,82,124,53
nansanhuan_aq#33,82,130,52
nansanhuan_aq#34,77,122,53
nansanhuan_aq#35,78,129,52
nansanhuan_aq#36,79,128,53
nansanhuan_aq#37,82,126,50
nansanhuan_aq#38,81,132,51
nansanhuan_aq#39,76,132,52
nansanhuan_aq#40,77,128,50
nansanhuan_aq#41,76,131,53
nansanhuan_aq#42,80,122,51
nansanhuan_aq#43,79,127,54
nansanhuan_aq#44,83,122,51
nansanhuan_aq#45,83,127,49
nansanhuan_aq#46,83,128,53
nansanhuan_aq#47,78,127,52
dongsihuan_aq#0,96,138,63
dongsihuan_aq#1,94,131,64
dongsihuan_aq#2,97,127,69
dongsihuan_aq#3,94,131,69
dongsihuan_aq#4,92,134,67
dongsihuan_aq#5,95,135,64
dongsihuan_aq#6,93,130,67
dongsihuan_aq#7,98,137,66
dongsihuan_aq#8,93,136,63
dongsihuan_aq#9,93,128,64
dongsihuan_aq#10,97,136,65
dongsihuan_aq#11,94,134,65
dongsihuan_aq#12,94,135,67
dongsihuan_aq#13,90,138,63
dongsihuan_aq#14,89,132,68
dongsihuan_aq#15,91,129,63
dongsihuan_aq#16,92,138,67
dongsihuan_aq#17,97,131,63
dongsihuan_aq#18,90,130,65
dongsihuan_aq#19,88,126,66
dongsihuan_aq#20,94,133,68
dongsihuan_aq#21,90,134,68
dongsihuan_aq#22,89,133,68
dongsihuan_aq#23,93,134,64
dongsihuan_aq#24,92,133,63
dongsihuan_aq#25,90,134,64
dongsihuan_aq#26,90,127,64
dongsihuan_aq#27,94,135,64
dongsihuan_aq#28,91,138,65
dongsihuan_aq#29,89,127,69
dongsihuan_aq#30,90,132,67
dongsihuan_aq#31,97,133,66
dongsihuan_aq#32,93,131,64
dongsihuan_aq#33,94,127,64
dongsihuan_aq#34,95,137,65
dongsihuan_aq#35,89,128,69
dongsihuan_aq#36,91,126,65
dongsihuan_aq#37,92,128,64
dongsihuan_aq#38,91,135,68
dongsihuan_aq#39,93,128,66
dongsihuan_aq#40,92,132,65
dongsihuan_aq#41,89,127,69
dongsihuan_aq#42,94,127,68
dongsihuan_aq#43,96,133,68
dongsihuan_aq#44,95,137,64
dongsihuan_aq#45,93,131,66
dongsihuan_aq#46,89,133,67
dongsihuan_aq#47,93,129,65
CD1#0,9,17
CD1#1,9,17
CD1#2,10,13
CD1#3,10,17
CD1#4,11,17
CD1#5,11,16
CD1#6,10,15
CD1#7,8,16
CD1#8,8,16
CD1#9,11,13
CD1#10,9,17
CD1#11,10,14
CD1#12,10,13
CD1#13,10,14
CD1#14,8,16
CD1#15,10,15
CD1#16,10,17
CD1#17,11,15
CD1#18,10,14
CD1#19,8,15
CD1#20,9,16
CD1#21,8,14
CD1#22,8,16
CD1#23,11,17
CD1#24,8,17
CD1#25,9,13
CD1#26,10,16
CD1#27,10,14
CD1#28,11,16
CD1#29,10,17
CD1#30,9,14
CD1#31,9,17
CD1#32,11,16
CD1#33,11,15
CD1#34,10,13
CD1#35,10,15
CD1#36,11,15
CD1#37,9,15
CD1#38,9,17
CD1#39,9,17
CD1#40,9,16
CD1#41,10,14
CD1#42,10,16
CD1#43,9,16
CD1#44,10,14
CD1#45,10,15
CD1#46,11,13
CD1#47,9,17
BL0#0,11,18
BL0#1,11,21
BL0#2,11,20
BL0#3,11,19
BL0#4,13,21
BL0#5,11,18
BL0#6,13,20
BL0#7,13,21
BL0#8,10,20
BL0#9,10,17
BL0#10,12,17
BL0#11,12,18
BL0#12,12,19
BL0#13,10,22
BL0#14,12,21
BL0#15,11,21
BL0#16,12,21
BL0#17,13,20
BL0#18,13,17
BL0#19,10,16
BL0#20,11,19
BL0#21,11,17
BL0#22,14,19
BL0#23,13,19
BL0#24,11,21
BL0#25,11,17
BL0#26,13,21
BL0#27,13,19
BL0#28,12,17
BL0#29,10,20
BL0#30,12,18
BL0#31,14,21
BL0#32,11,19
BL0#33,13,19
BL0#34,12,19
BL0#35,10,20
BL0#36,10,19
BL0#37,11,16
BL0#38,12,16
BL0#39,11,16
BL0#40,11,21
BL0#41,12,17
BL0#42,11,16
BL0#43,12,19
BL0#44,13,20
BL0#45,11,19
BL0#46,13,21
BL0#47,13,17
GR4#0,12,15
GR4#1,11,18
GR4#2,10,19
GR4#3,11,18
GR4#4,12,15
GR4#5,11,17
GR4#6,13,20
GR4#7,11,17
GR4#8,13,16
GR4#9,10,20
GR4#10,13,20
GR4#11,12,15
GR4#12,14,19
GR4#13,12,18
GR4#14,14,19
GR4#15,12,18
GR4#16,13,15
GR4#17,12,18
GR4#18,12,18
GR4#19,11,15
GR4#20,11,17
GR4#21,12,15
GR4#22,14,18
GR4#23,13,15
GR4#24,13,20
GR4#25,12,17
GR4#26,11,16
GR4#27,13,16
GR4#28,13,17
GR4#29,14,19
GR4#30,11,17
GR4#31,11,17
GR4#32,12,15
GR4#33,12,16
GR4#34,13,16
GR4#35,10,17
GR4#36,11,16
GR4#37,13,18
GR4#38,12,16
GR4#39,12,19
GR4#40,11,16
GR4#41,13,17
GR4#42,14,19
GR4#43,12,17
GR4#44,11,15
GR4#45,13,19
GR4#46,12,17
GR4#47,14,17
MY7#0,12,19
MY7#1,12,24
MY7#2,11,23
MY7#3,13,21
MY7#4,12,19
MY7#5,11,23
MY7#6,13,25
MY7#7,11,23
MY7#8,13,25
MY7#9,11,24
MY7#10,12,23
MY7#11,14,21
MY7#12,14,21
MY7#13,13,18
MY7#14,13,20
MY7#15,13,20
MY7#16,13,23
MY7#17,14,20
MY7#18,14,23
MY7#19,11,22
MY7#20,11,25
MY7#21,12,24
MY7#22,14,23
MY7#23,13,19
MY7#24,13,23
MY7#25,12,19
MY7#26,13,20
MY7#27,14,19
MY7#28,11,20
MY7#29,12,22
MY7#30,11,22
MY7#31,14,20
MY7#32,14,24
MY7#33,13,23
MY7#34,11,21
MY7#35,11,20
MY7#36,12,22
MY7#37,14,20
MY7#38,13,20
MY7#39,12,22
MY7#40,13,21
MY7#41,11,21
MY7#42,11,20
MY7#43,13,21
MY7#44,14,18
MY7#45,12,22
MY7#46,12,21
MY7#47,13,20
HV1#0,11,27
HV1#1,12,23
HV1#2,13,24
HV1#3,12,28
HV1#4,12,23
HV1#5,14,23
HV1#6,12,25
HV1#7,11,29
HV1#8,14,24
HV1#9,11,25
HV1#10,14,29
HV1#11,12,23
HV1#12,14,22
HV1#13,11,29
HV1#14,11,24
HV1#15,13,24
HV1#16,14,23
HV1#17,11,27
HV1#18,14,29
HV1#19,14,24
HV1#20,13,24
HV1#21,13,28
HV1#22,11,27
HV1#23,13,26
HV1#24,14,28
HV1#25,14,23
HV1#26,11,25
HV1#27,14,29
HV1#28,13,26
HV1#29,14,23
HV1#30,14,22
HV1#31,12,28
HV1#32,11,25
HV1#33,13,28
HV1#34,12,28
HV1#35,14,28
HV1#36,14,30
HV1#37,11,22
HV1#38,12,23
HV1#39,11,26
HV1#40,13,26
HV1#41,11,27
HV1#42,13,26
HV1#43,13,25
HV1#44,11,25
HV1#45,11,30
HV1#46,11,29
HV1#47,14,28
GN3#0,10,15
GN3#1,10,15
GN3#2,9,15
GN3#3,10,15
GN3#4,10,16
GN3#5,11,16
GN3#6,8,14
GN3#7,9,15
GN3#8,10,14
GN3#9,9,13
GN3#10,8,15
GN3#11,10,15
GN3#12,9,13
GN3#13,10,15
GN3#14,9,14
GN3#15,9,16
GN3#16,10,15
GN3#17,9,13
GN3#18,9,13
GN3#19,9,16
GN3#20,10,12
GN3#21,9,13
GN3#22,11,16
GN3#23,9,14
GN3#24,10,13
GN3#25,9,16
GN3#26,9,13
GN3#27,10,12
GN3#28,9,12
GN3#29,10,14
GN3#30,10,14
GN3#31,9,15
GN3#32,11,13
GN3#33,9,14
GN3#34,10,14
GN3#35,11,16
GN3#36,8,13
GN3#37,8,12
GN3#38,9,13
GN3#39,9,14
GN3#40,11,14
GN3#41,8,12
GN3#42,11,16
GN3#43,9,16
GN3#44,8,13
GN3#45,9,14
GN3#46,8,15
GN3#47,9,12
GR9#0,12,24
GR9#1,12,24
GR9#2,14,23
GR9#3,12,24
GR9#4,14,22
GR9#5,14,29
GR9#6,14,23
GR9#7,12,28
GR9#8,14,26
GR9#9,12,29
GR9#10,14,22
GR9#11,11,26
GR9#12,12,26
GR9#13,14,23
GR9#14,11,22
GR9#15,11,27
GR9#16,13,26
GR9#17,13,28
GR9#18,12,28
GR9#19,11,28
GR9#20,12,26
GR9#21,11,22
GR9#22,12,29
GR9#23,11,25
GR9#24,11,24
GR9#25,13,25
GR9#26,12,24
GR9#27,11,30
GR9#28,14,26
GR9#29,14,26
GR9#30,14,25
GR9#31,12,24
GR9#32,13,29
GR9#33,11,26
GR9#34,14,30
GR9#35,11,26
GR9#36,12,24
GR9#37,12,28
GR9#38,12,27
GR9#39,14,28
GR9#40,13,28
GR9#41,11,28
GR9#42,11,24
GR9#43,13,26
GR9#44,11,26
GR9#45,11,29
GR9#46,11,29
GR9#47,11,23
LW2#0,14,22
LW2#1,14,22
LW2#2,14,21
LW2#3,15,24
LW2#4,14,25
LW2#5,16,25
LW2#6,15,21
LW2#7,15,28
LW2#8,15,25
LW2#9,13,22
LW2#10,12,26
LW2#11,13,27
LW2#12,15,23
LW2#13,14,27
LW2#14,13,25
LW2#15,12,25
LW2#16,14,24
LW2#17,15,27
LW2#18,15,25
LW2#19,15,28
LW2#20,16,22
LW2#21,12,28
LW2#22,13,27
LW2#23,12,24
LW2#24,15,23
LW2#25,16,28
LW2#26,16,27
LW2#27,12,24
LW2#28,16,24
LW2#29,13,22
LW2#30,14,26
LW2#31,13,27
LW2#32,16,23
LW2#33,13,26
LW2#34,16,23
LW2#35,16,24
LW2#36,16,26
LW2#37,14,27
LW2#38,14,27
LW2#39,16,27
LW2#40,15,24
LW2#41,16,22
LW2#42,15,22
LW2#43,14,22
LW2#44,16,21
LW2#45,15,24
LW2#46,14,26
LW2#47,13,21
GN0#0,15,18
GN0#1,15,23
GN0#2,15,19
GN0#3,15,18
GN0#4,16,23
GN0#5,16,20
GN0#6,14,18
GN0#7,13,18
GN0#8,14,19
GN0#9,13,23
GN0#10,16,18
GN0#11,13,21
GN0#12,16,22
GN0#13,14,22
GN0#14,13,20
GN0#15,14,18
GN0#16,16,20
GN0#17,15,19
GN0#18,16,20
GN0#19,13,21
GN0#20,12,21
GN0#21,16,21
GN0#22,13,23
GN0#23,14,20
GN0#24,15,21
GN0#25,16,22
GN0#26,14,23
GN0#27,15,19
GN0#28,16,21
GN0#29,13,21
GN0#30,13,24
GN0#31,13,21
GN0#32,16,22
GN0#33,15,22
GN0#34,13,20
GN0#35,14,23
GN0#36,15,24
GN0#37,17,19
GN0#38,13,22
GN0#39,15,23
GN0#40,16,23
GN0#41,15,19
GN0#42,14,21
GN0#43,16,22
GN0#44,16,19
GN0#45,14,20
GN0#46,13,20
GN0#47,13,23
KF1#0,12,19
KF1#1,12,15
KF1#2,10,20
KF1#3,10,20
KF1#4,9,17
KF1#5,10,20
KF1#6,10,18
KF1#7,10,16
KF1#8,12,16
KF1#9,12,16
KF1#10,12,18
KF1#11,10,17
KF1#12,9,16
KF1#13,11,15
KF1#14,11,16
KF1#15,9,17
KF1#16,11,16
KF1#17,11,17
KF1#18,11,16
KF1#19,12,19
KF1#20,12,15
KF1#21,11,18
KF1#22,11,18
KF1#23,10,15
KF1#24,12,18
KF1#25,11,18
KF1#26,11,17
KF1#27,9,17
KF1#28,12,15
KF1#29,11,19
KF1#30,11,19
KF1#31,9,17
KF1#32,10,16
KF1#33,10,19
KF1#34,12,19
KF1#35,10,17
KF1#36,10,16
KF1#37,12,20
KF1#38,10,15
KF1#39,12,19
KF1#40,12,18
KF1#41,12,17
KF1#42,11,16
KF1#43,11,20
KF1#44,10,19
KF1#45,10,16
KF1#46,11,19
KF1#47,12,17
CD9#0,13,22
CD9#1,13,24
CD9#2,17,21
CD9#3,15,20
CD9#4,17,25
CD9#5,13,22
CD9#6,16,19
CD9#7,13,22
CD9#8,17,23
CD9#9,13,22
CD9#10,15,22
CD9#11,12,24
CD9#12,15,24
CD9#13,16,25
CD9#14,15,24
CD9#15,16,19
CD9#16,16,20
CD9#17,17,21
CD9#18,13,21
CD9#19,16,23
CD9#20,13,25
CD9#21,14,21
CD9#22,16,20
CD9#23,16,19
CD9#24,15,25
CD9#25,15,23
CD9#26,16,23
CD9#27,13,20
CD9#28,16,20
CD9#29,15,21
CD9#30,14,20
CD9#31,13,19
CD9#32,16,20
CD9#33,15,23
CD9#34,15,21
CD9#35,16,22
CD9#36,13,21
CD9#37,15,20
CD9#38,13,21
CD9#39,16,23
CD9#40,17,24
CD9#41,16,20
CD9#42,14,23
CD9#43,13,25
CD9#44,16,20
CD9#45,13,21
CD9#46,13,23
CD9#47,16,23
ST5#0,11,17
ST5#1,11,17
ST5#2,12,17
ST5#3,13,17
ST5#4,11,16
ST5#5,10,21
ST5#6,11,16
ST5#7,11,17
ST5#8,11,20
ST5#9,13,20
ST5#10,11,19
ST5#11,12,18
ST5#12,11,17
ST5#13,12,17
ST5#14,12,16
ST5#15,12,17
ST5#16,11,16
ST5#17,13,16
ST5#18,12,16
ST5#19,12,18
ST5#20,13,18
ST5#21,12,19
ST5#22,11,16
ST5#23,11,17
ST5#24,11,20
ST5#25,12,21
ST5#26,13,19
ST5#27,11,16
ST5#28,11,17
ST5#29,11,18
ST5#30,13,17
ST5#31,13,19
ST5#32,12,21
ST5#33,11,21
ST5#34,11,19
ST5#35,13,18
ST5#36,13,18
ST5#37,12,19
ST5#38,13,17
ST5#39,10,18
ST5#40,13,21
ST5#41,13,19
ST5#42,10,18
ST5#43,13,16
ST5#44,11,16
ST5#45,10,20
ST5#46,13,19
ST5#47,11,18
TH4#0,11,19
TH4#1,11,23
TH4#2,11,19
TH4#3,9,19
TH4#4,12,21
TH4#5,9,19
TH4#6,9,24
TH4#7,12,19
TH4#8,10,21
TH4#9,9,19
TH4#10,12,18
TH4#11,11,23
TH4#12,10,18
TH4#13,10,18
TH4#14,11,22
TH4#15,11,21
TH4#16,9,24
TH4#17,9,18
TH4#18,12,23
TH4#19,11,23
TH4#20,9,24
TH4#21,9,21
TH4#22,9,21
TH4#23,11,21
TH4#24,12,21
TH4#25,12,22
TH4#26,11,23
TH4#27,10,22
TH4#28,10,18
TH4#29,9,21
TH4#30,12,23
TH4#31,11,20
TH4#32,10,20
TH4#33,9,23
TH4#34,10,22
TH4#35,11,24
TH4#36,12,24
TH4#37,10,19
TH4#38,10,21
TH4#39,12,22
TH4#40,9,21
TH4#41,9,18
TH4#42,11,23
TH4#43,10,20
TH4#44,9,23
TH4#45,12,23
TH4#46,9,24
TH4#47,11,20
